#名前,正規表現
カムラノ装・継,^カムラノ装[^ＸＺＳ真洸燿暦怨醒]*継$
レザーＸ,^レザーＸ[^ＸＺＳ真洸燿暦怨醒]*$
チェーンＸ,^チェーンＸ[^ＸＺＳ継真洸燿暦怨醒]*$
ハンターＸ,^ハンターＸ[^ＸＺＳ継真洸燿暦怨醒]*$
アロイＸ,^アロイＸ[^ＸＺＳ継真洸燿暦怨醒]*$
ボーンＸ,^ボーンＸ[^ＸＺＳ継真洸燿暦怨醒]*$
ガーグァＸフェイク,^ガーグァＸフェイク[^ＸＺＳ継真洸燿暦怨醒]*$
リノプロＸ,^リノプロＸ[^ＸＺＳ継真洸燿暦怨醒]*$
ファンゴＸフェイク,^ファンゴＸフェイク[^ＸＺＳ継真洸燿暦怨醒]*$
ブナハＸ,^ブナハＸ[^ＸＺＳ継真洸燿暦怨醒]*$
ドロスＸ,^ドロスＸ[^ＸＺＳ継真洸燿暦怨醒]*$
タロス,^タロス[^ＸＺＳ継真洸燿暦怨醒]*$
ランゴ,^ランゴ[^ＸＺＳ継真洸燿暦怨醒]*$
狗竜の革Ｘ,^狗竜の革Ｘ[^ＸＺＳ継真洸燿暦怨醒]*$
ジャギィＸフェイク,^ジャギィＸフェイク[^ＸＺＳ継真洸燿暦怨醒]*$
ランポス,^ランポス[^ＸＺＳ継真洸燿暦怨醒]*$
イズチＸ,^イズチＸ[^ＸＺＳ継真洸燿暦怨醒]*$
バギィＸ,^バギィＸ[^ＸＺＳ継真洸燿暦怨醒]*$
クルルＸ,^クルルＸ[^ＸＺＳ継真洸燿暦怨醒]*$
フロギィＸ,^フロギィＸ[^ＸＺＳ継真洸燿暦怨醒]*$
アシラＸ,^アシラＸ[^ＸＺＳ継真洸燿暦怨醒]*$
ウルクＸ,^ウルクＸ[^ＸＺＳ継真洸燿暦怨醒]*$
ラングロＸ,^ラングロＸ[^ＸＺＳ継真洸燿暦怨醒]*$
アケノＸ,^アケノＸ[^ＸＺＳ継真洸燿暦怨醒]*$
ルドロスＸ,^ルドロスＸ[^ＸＺＳ継真洸燿暦怨醒]*$
ボロスＸ,^ボロスＸ[^ＸＺＳ継真洸燿暦怨醒]*$
ザザミ,^ザザミ[^ＸＺＳ継真洸燿暦怨醒]*$
ヨツミＸ,^ヨツミＸ[^ＸＺＳ継真洸燿暦怨醒]*$
インゴットＸ,^インゴットＸ[^ＸＺＳ継真洸燿暦怨醒]*$
スカルダＸ,^スカルダＸ[^ＸＺＳ継真洸燿暦怨醒]*$
スパイオＸ,^スパイオＸ[^ＸＺＳ継真洸燿暦怨醒]*$
混沌・真,^混沌[^ＸＺＳ真洸燿暦怨醒]*・真$
エーデルＸ,^エーデルＸ[^ＸＺＳ継真洸燿暦怨醒]*$
アルブーロＸ,^アルブーロＸ[^ＸＺＳ継真洸燿暦怨醒]*$
メルホアＸ,^メルホアＸ[^ＸＺＳ継真洸燿暦怨醒]*$
ゴギョウ,^ゴギョウ[^ＸＺＳ継真洸燿暦怨醒]*$
王国軽装騎士,^軽装騎士[^ＸＺＳ継真洸燿暦怨醒]*$
ユクモノ,^ユクモノ[^ＸＺＳ継真洸燿暦怨醒]*$
ズワロＸ,^ズワロＸ[^ＸＺＳ継真洸燿暦怨醒]*$
フルフルＸ,^フルフルＸ[^ＸＺＳ継真洸燿暦怨醒]*$
テンゴＸ,^テンゴＸ[^ＸＺＳ継真洸燿暦怨醒]*$
テンゴＺ,^テンゴＺ[^ＸＺＳ継真洸燿暦怨醒]*$
プケプケＸ,^プケプケＸ[^ＸＺＳ継真洸燿暦怨醒]*$
ジュラＸ,^ジュラＸ[^ＸＺＳ継真洸燿暦怨醒]*$
バサルＸ,^バサルＸ[^ＸＺＳ継真洸燿暦怨醒]*$
イソネＸ,^イソネＸ[^ＸＺＳ継真洸燿暦怨醒]*$
イソネＺ,^イソネＺ[^ＸＺＳ継真洸燿暦怨醒]*$
レイアＸ,^レイアＸ[^ＸＺＳ継真洸燿暦怨醒]*$
カガチＸ,^カガチＸ[^ＸＺＳ継真洸燿暦怨醒]*$
ジャナフＸ,^ジャナフＸ[^ＸＺＳ継真洸燿暦怨醒]*$
スカルＸ,^スカルＸ[^ＸＺＳ継真洸燿暦怨醒]*$
ドーベルＸ,^ドーベルＸ[^ＸＺＳ継真洸燿暦怨醒]*$
ヴァイクＸ,^ヴァイクＸ[^ＸＺＳ継真洸燿暦怨醒]*$
マギュルＸ,^マギュルＸ[^ＸＺＳ継真洸燿暦怨醒]*$
デスギアＸ,^デスギアＸ[^ＸＺＳ継真洸燿暦怨醒]*$
マカルパＸ,^マカルパＸ[^ＸＺＳ継真洸燿暦怨醒]*$
ロワーガＸ,^ロワーガＸ[^ＸＺＳ継真洸燿暦怨醒]*$
ファルメルＸ,^ファルメルＸ[^ＸＺＳ継真洸燿暦怨醒]*$
王国砲術隊,^砲術隊[^ＸＺＳ継真洸燿暦怨醒]*$
ギルドバード,^ギルドバード[^ＸＺＳ継真洸燿暦怨醒]*$
スカラー,^スカラー[^ＸＺＳ継真洸燿暦怨醒]*$
ガーディアン,^ガーディアン[^ＸＺＳ継真洸燿暦怨醒]*$
ブリゲイドＸ,^ブリゲイドＸ[^ＸＺＳ継真洸燿暦怨醒]*$
ベリオＸ,^ベリオＸ[^ＸＺＳ継真洸燿暦怨醒]*$
禍鎧・真,^禍鎧・真[^ＸＺＳ継真洸燿暦怨醒]*$
ナルガＸ,^ナルガＸ[^ＸＺＳ継真洸燿暦怨醒]*$
ゴシャＸ,^ゴシャＸ[^ＸＺＳ継真洸燿暦怨醒]*$
ゴルム,^ゴルム[^ＸＺＳ継真洸燿暦怨醒]*$
ギザミ,^ギザミ[^ＸＺＳ継真洸燿暦怨醒]*$
オロミドＸ,^オロミドＸ[^ＸＺＳ継真洸燿暦怨醒]*$
ヤツカダＸ,^ヤツカダＸ[^ＸＺＳ継真洸燿暦怨醒]*$
オロミドＺ,^オロミドＺ[^ＸＺＳ継真洸燿暦怨醒]*$
ヤツカダＺ,^ヤツカダＺ[^ＸＺＳ継真洸燿暦怨醒]*$
クロムメタルＸ,^クロムメタルＸ[^ＸＺＳ継真洸燿暦怨醒]*$
ウツシ表・真,^ウツシ表[^ＸＺＳ継真洸燿暦怨醒]*真$
神凪・洸,^神凪・洸[^ＸＺＳ継真洸燿暦怨醒]*$
ウツシ裏・真,^ウツシ裏[^ＸＺＳ継真洸燿暦怨醒]*真$
依巫・燿,^依巫・燿[^ＸＺＳ継真洸燿暦怨醒]*$
ガブラスＸ,^ガブラスＸ[^ＸＺＳ継真洸燿暦怨醒]*$
ミツネＸ,^ミツネＸ[^ＸＺＳ継真洸燿暦怨醒]*$
レウスＸ,^レウスＸ[^ＸＺＳ継真洸燿暦怨醒]*$
ジンオウＸ,^ジンオウＸ[^ＸＺＳ継真洸燿暦怨醒]*$
レックスＸ,^レックスＸ[^ＸＺＳ継真洸燿暦怨醒]*$
ディアブロＸ,^ディアブロＸ[^ＸＺＳ継真洸燿暦怨醒]*$
ゴア,^ゴア[^ＸＺＳ継真洸燿暦怨醒]*$
レギオス,^レギオス[^ＸＺＳ継真洸燿暦怨醒]*$
ゼクス,^ゼクス[^ＸＺＳ継真洸燿暦怨醒]*$
ルナガロ,^ルナガロ[^ＸＺＳ継真洸燿暦怨醒]*$
エスピナ,^エスピナ[^ＸＺＳ継真洸燿暦怨醒]*$
王国重装騎士,^重装騎士[^ＸＺＳ継真洸燿暦怨醒]*$
ホーク,^ホーク[^ＸＺＳ継真洸燿暦怨醒]*$
エコール,^エコール[^ＸＺＳ継真洸燿暦怨醒]*$
ディグニ,^ディグニ[^ＸＺＳ継真洸燿暦怨醒]*$
バルバニア,^バルバニア[^ＸＺＳ継真洸燿暦怨醒]*$
グローシア,^グローシア[^ＸＺＳ継真洸燿暦怨醒]*$
コトルＸ,^コトルＸ[^ＸＺＳ継真洸燿暦怨醒]*$
斉天・真,^斉天[^ＸＺＳ継真洸燿暦怨醒]*・真$
バゼルＸ,^バゼルＸ[^ＸＺＳ継真洸燿暦怨醒]*$
ダマスクＸ,^ダマスクＸ[^ＸＺＳ継真洸燿暦怨醒]*$
クシャナＸ,^クシャナＸ[^ＸＺＳ継真洸燿暦怨醒]*$
ミヅハ真,^ミヅハ真[^ＸＺＳ継真洸燿暦怨醒]*$
カイザーＸ,^カイザーＸ[^ＸＺＳ継真洸燿暦怨醒]*$
アーク,^アーク[^ＸＺＳ継真洸燿暦怨醒]*$
フィリア,^フィリア[^ＸＺＳ継真洸燿暦怨醒]*$
メルゼ,^メルゼ[^ＸＺＳ継真洸燿暦怨醒]*$
プロフ,^プロフ[^ＸＺＳ継真洸燿暦怨醒]*$
シャリテ,^シャリテ[^ＸＺＳ継真洸燿暦怨醒]*$
サージュ,^サージュ[^ＸＺＳ継真洸燿暦怨醒]*$
シーカー,^シーカー[^ＸＺＳ継真洸燿暦怨醒]*$
メデュレトＸ,^メデュレトＸ[^ＸＺＳ継真洸燿暦怨醒]*$
セイラー,^セイラー[^ＸＺＳ継真洸燿暦怨醒]*$
ギルドパレス,^ギルドパレス[^ＸＺＳ継真洸燿暦怨醒]*$
冥淵纏鎧,^冥淵纏鎧[^ＸＺＳ継真洸燿暦怨醒]*$
しまき・真,^しまき[^ＸＺＳ継真洸燿暦怨醒]*真$
なるかみ・真,^なるかみ[^ＸＺＳ継真洸燿暦怨醒]*真$
赫耀・真,^赫耀[^ＸＺＳ継真洸燿暦怨醒]*真$
怒天,^怒天[^ＸＺＳ継真洸燿暦怨醒]*$
禍鎧・怨,^禍鎧・怨[^ＸＺＳ継真洸燿暦怨醒]*$
王国拠点司令,^拠点司令[^ＸＺＳ継真洸燿暦怨醒]*$
プライド,^プライド[^ＸＺＳ継真洸燿暦怨醒]*$
ゴールドルナ,^ゴールドルナ[^ＸＺＳ継真洸燿暦怨醒]*$
シルバーソル,^シルバーソル[^ＸＺＳ継真洸燿暦怨醒]*$
月光,^月光[^ＸＺＳ継真洸燿暦怨醒]*$
エスピナＺ,^エスピナＺ[^ＸＺＳ継真洸燿暦怨醒]*$
陰陽ノ者,^陰陽ノ者[^ＸＺＳ継真洸燿暦怨醒]*$
ミヅハ醒,^ミヅハ醒[^ＸＺＳ継真洸燿暦怨醒]*$
ケイオス,^ケイオス[^ＸＺＳ継真洸燿暦怨醒]*$
ネフィリム,^ネフィリム[^ＸＺＳ継真洸燿暦怨醒]*$
リバルクシャナ,^リバルクシャナ[^ＸＺＳ継真洸燿暦怨醒]*$
リバルカイザー,^リバルカイザー[^ＸＺＳ継真洸燿暦怨醒]*$
ラヴィーナ,^ラヴィーナ[^ＸＺＳ継真洸燿暦怨醒]*$
赫耀・暦,^赫耀[^ＸＺＳ継真洸燿暦怨醒]*暦$
ヴァチス,^ヴァチス[^ＸＺＳ継真洸燿暦怨醒]*$
プラグマ,^プラグマ[^ＸＺＳ継真洸燿暦怨醒]*$
プライマル,^プライマル[^ＸＺＳ継真洸燿暦怨醒]*$
荒天,^荒天[^ＸＺＳ継真洸燿暦怨醒]*$
翔駆の羽根飾り,^翔駆の羽根飾り[^ＸＺＳ継真洸燿暦怨醒]*$
祝福の羽根飾り,^祝福の羽根飾り[^ＸＺＳ継真洸燿暦怨醒]*$
